version,repetition,scenario,keys,resolve_ms,replay_ms,drained_ms,gets,batches,blob_requests,wire_blob_bytes,demand_fetched
before,0,inline-local,128,39.438125,41.418792,41.636958,128,6,16,17258707,2286
before,0,inline-20ms,128,3044.214042,3045.825917,3046.666625,128,16,16,17238034,2290
before,0,fallback-20ms,128,3024.5551659999996,3072.0676249999997,3072.328167,128,261,5815,18750118,1094
before,0,snapshot-local,128,3.0283749999999996,65.307041,65.631041,1,258,7188,24883062,869
before,0,snapshot-20ms,128,1.79175,297.30025,297.71475,1,188,6293,21205569,159
before,0,snapshot-60ms,128,2.740083,815.292375,815.769584,1,189,6354,21383992,131
before,0,fallback-20ms-5mib,128,4913.891291,4996.035457999999,4996.440041999999,128,267,6071,19471402,857
before,0,snapshot-20ms-20mib,128,3.134792,1153.218167,1153.6223340000001,1,189,6513,21784990,203
after,0,inline-local,128,47.161875,47.748959,48.1215,128,0,0,17228818,2720
after,0,inline-20ms,128,3037.92175,3038.608125,3039.0574579999998,128,2,2,17233507,2784
after,0,fallback-20ms,128,2951.299834,3006.716958,3007.118375,128,288,4741,15174933,2748
after,0,snapshot-local,128,12.432042000000001,63.280375,63.4445,1,251,6612,20940517,615
after,0,snapshot-20ms,128,2.374917,304.059209,304.45425,1,151,4952,16456523,1071
after,0,snapshot-60ms,128,3.895667,788.437083,788.652625,1,154,4867,16189643,938
after,0,fallback-20ms-5mib,128,4144.642042,4221.617917,4221.800375,128,277,4742,15179046,2729
after,0,snapshot-20ms-20mib,128,3.101,853.619417,853.887959,1,147,4793,15950675,1438
after,1,inline-local,128,48.176708,48.5655,48.746917,128,0,0,17228818,2586
after,1,inline-20ms,128,2949.79975,3013.857458,3020.311417,128,4,4,17231126,2683
after,1,fallback-20ms,128,2875.506542,2931.969459,2932.497875,128,295,4746,15184612,2695
after,1,snapshot-local,128,6.7976659999999995,46.196166,46.323291000000005,1,179,5158,16881659,230
after,1,snapshot-20ms,128,1.964542,285.78016699999995,285.97733400000004,1,171,5363,17728712,936
after,1,snapshot-60ms,128,2.0125,704.992208,705.181167,1,150,4812,16019267,1141
after,1,fallback-20ms-5mib,128,3885.807667,3960.911792,3961.129167,128,264,4741,15174933,2734
after,1,snapshot-20ms-20mib,128,1.853375,879.9476659999999,880.117291,1,152,4950,16448577,1280
before,1,inline-local,128,48.470082999999995,48.882667,49.025209,128,9,29,17283604,2498
before,1,inline-20ms,128,2882.0515,2882.3385,2882.588,128,13,13,17236308,2301
before,1,fallback-20ms,128,2852.931708,2883.946375,2884.169667,128,257,5701,18384160,1014
before,1,snapshot-local,128,3.33325,49.169,49.377958,1,232,6974,23872686,457
before,1,snapshot-20ms,128,2.45775,283.934042,284.07824999999997,1,191,6589,22102486,204
before,1,snapshot-60ms,128,1.393584,769.028084,769.31175,1,183,6331,21151881,157
before,1,fallback-20ms-5mib,128,4320.009625,4417.06075,4417.430667,128,256,5893,18861824,921
before,1,snapshot-20ms-20mib,128,2.3244580000000004,1172.481375,1172.839167,1,194,6686,22332111,71
before,2,inline-local,128,39.06725,39.476957999999996,39.673542,128,5,9,17241077,2392
before,2,inline-20ms,128,2946.701167,2975.3970839999997,2975.812167,128,13,13,17236306,2266
before,2,fallback-20ms,128,2905.940792,2936.107416,2936.467333,128,261,5744,18511738,1021
before,2,snapshot-local,128,6.204959000000001,58.143458,58.337041,1,279,8159,27951101,1191
before,2,snapshot-20ms,128,1.677375,285.637708,285.94937500000003,1,185,6371,21331099,241
before,2,snapshot-60ms,128,2.870125,778.7469590000001,779.206917,1,184,6361,21278805,224
before,2,fallback-20ms-5mib,128,4628.289709,4747.509209000001,4747.8748749999995,128,259,5998,19216622,645
before,2,snapshot-20ms-20mib,128,2.450834,1141.83375,1142.170292,1,190,6547,21885105,66
after,2,inline-local,128,45.016625,45.444041999999996,45.70825,128,0,0,17228818,2678
after,2,inline-20ms,128,2956.7727499999996,2958.5080829999997,2959.271291,128,0,0,17228818,2757
after,2,fallback-20ms,128,2949.93975,3013.5563749999997,3013.992209,128,284,4746,15191686,2724
after,2,snapshot-local,128,10.03575,103.927917,104.721458,1,253,6787,21618670,1108
after,2,snapshot-20ms,128,2.209791,268.420208,268.602666,1,150,4975,16553282,1320
after,2,snapshot-60ms,128,2.702416,778.120042,779.0147079999999,1,144,4700,15682214,1197
after,2,fallback-20ms-5mib,128,3903.670958,3978.403042,3978.6904170000003,128,257,4741,15174933,2751
after,2,snapshot-20ms-20mib,128,2.727041,871.727583,872.141666,1,149,4891,16269882,1426
after,3,inline-local,128,149.87716600000002,150.390083,150.502708,128,4,5,17231698,2721
after,3,inline-20ms,128,2949.4089580000004,2950.9026670000003,2951.605417,128,0,0,17228818,2753
after,3,fallback-20ms,128,2915.0651669999997,2968.806,2969.127958,128,288,4741,15174933,2714
after,3,snapshot-local,128,6.626250000000001,60.104875,60.332917,1,172,5102,16744426,102
after,3,snapshot-20ms,128,2.119208,268.49537499999997,268.72833299999996,1,162,5107,16900962,929
after,3,snapshot-60ms,128,3.9652079999999996,784.474,785.149125,1,148,4706,15697378,1250
after,3,fallback-20ms-5mib,128,3822.293459,3896.175334,3896.408125,128,266,4742,15175509,2707
after,3,snapshot-20ms-20mib,128,3.722375,874.29875,874.5562500000001,1,146,4799,15985968,1392
before,3,inline-local,128,49.469167,52.591291999999996,52.733375,128,9,19,17250375,2857
before,3,inline-20ms,128,2930.7132500000002,2931.767083,2932.330958,128,10,10,17234577,2156
before,3,fallback-20ms,128,2894.2777079999996,2922.101625,2922.4060830000003,128,256,5735,18497318,1058
before,3,snapshot-local,128,2.6832499999999997,47.084875,47.335750000000004,1,233,6621,22894799,572
before,3,snapshot-20ms,128,1.6601249999999999,279.20879199999996,279.43337499999996,1,185,6409,21423413,204
before,3,snapshot-60ms,128,1.693333,791.386208,791.6255,1,182,6290,21024627,203
before,3,fallback-20ms-5mib,128,4544.560041000001,4618.116458,4618.3277499999995,128,256,5628,17932259,626
before,3,snapshot-20ms-20mib,128,3.4005419999999997,1140.447,1140.988,1,187,6461,21590726,167
before,4,inline-local,128,44.11000000000001,50.505874999999996,50.734500000000004,128,4,6,17235812,2337
before,4,inline-20ms,128,2951.3781249999997,2952.477834,2952.757,128,6,6,17232276,2198
before,4,fallback-20ms,128,2915.353083,2943.357583,2943.7766669999996,128,262,5803,18719822,1126
before,4,snapshot-local,128,8.149917,63.62225000000001,63.790625000000006,1,263,7609,26138637,916
before,4,snapshot-20ms,128,1.8002090000000002,286.498417,286.831583,1,177,6042,20334833,160
before,4,snapshot-60ms,128,1.767458,787.058,787.406167,1,196,6790,22687942,227
before,4,fallback-20ms-5mib,128,4342.937457999999,4418.304333,4418.605791,128,241,5381,17117281,408
before,4,snapshot-20ms-20mib,128,2.3930000000000002,1137.534167,1138.2790830000001,1,189,6532,21826121,99
after,4,inline-local,128,43.393042,47.35975,47.651542,128,4,4,17238196,2676
after,4,inline-20ms,128,2942.240916,2942.910792,2943.754417,128,0,0,17228818,2762
after,4,fallback-20ms,128,2879.376083,2950.2240410000004,2950.6110830000002,128,287,4741,15174933,2753
after,4,snapshot-local,128,10.867292,58.995082999999994,59.244708,1,230,6321,20328901,907
after,4,snapshot-20ms,128,2.527334,320.004625,320.24399999999997,1,179,5416,17804598,935
after,4,snapshot-60ms,128,2.4165419999999997,786.598083,787.414083,1,146,4722,15737563,1042
after,4,fallback-20ms-5mib,128,4548.77125,4626.242249999999,4626.785333,128,279,4741,15174933,2679
after,4,snapshot-20ms-20mib,128,4.216708,886.83225,887.1448330000001,1,154,4862,16180277,1350
